{
    "Parkings": [
        {
            "Name": "DAVID WEBSTER",
            "Lot_ID": "ST1",
            "Type": "Student",
            "Latitude": -26.187534671289264,
            "Longitude": 28.026479057456957,
            "Capacity": 60,
            "Location": "East Campus"
        },
        {
            "Name": "EC TUNNEL NORTH",
            "Lot_ID": "ST2",
            "Type": "Student",
            "Latitude": -26.187313009137196,
            "Longitude": 28.027118214402748,
            "Capacity": 200,
            "Location": "East Campus"
        },
        {
            "Name": "EC TUNNEL SOUTH",
            "Lot_ID": "ST3",
            "Type": "Student",
            "Latitude": -26.18775869304074,
            "Longitude": 28.027090533973787,
            "Capacity": 100,
            "Location": "East Campus"
        },
        {
            "Name": "EAST LAW LAWNS",
            "Lot_ID": "ST4",
            "Type": "Student",
            "Latitude": -26.18792267706863,
            "Longitude": 28.026065897910577,
            "Capacity": 140,
            "Location": "East Campus"
        },
        {
            "Name": "ENOCH SONT EAST",
            "Lot_ID": "ST5",
            "Type": "Student",
            "Latitude": -26.192623191498985,
            "Longitude": 28.027048851684885,
            "Capacity": 400,
            "Location": "East Campus"
        },
        {
            "Name": "ENOCH SONT WEST",
            "Lot_ID": "ST6",
            "Type": "Student",
            "Latitude": -26.192622139933935,
            "Longitude": 28.026264816636008,
            "Capacity": 400,
            "Location": "East Campus"
        },
        {
            "Name": "FNB PARKING",
            "Lot_ID": "ST7",
            "Type": "Student",
            "Latitude": -26.188398928248663,
            "Longitude": 28.02720926715984,
            "Capacity": 150,
            "Location": "East Campus"
        },
        {
            "Name": "HALL 29 PARKING",
            "Lot_ID": "FF1",
            "Type": "Staff",
            "Latitude": -26.18577000185653,
            "Longitude": 28.02684505954421,
            "Capacity": 200,
            "Location": "East Campus"
        },
        {
            "Name": "HULMAN BUILDING",
            "Lot_ID": "FF2",
            "Type": "Staff",
            "Latitude": -26.19225514405073,
            "Longitude": 28.029384685993968,
            "Capacity": 50,
            "Location": "West Campus"
        },
        {
            "Name": "ORIGIN CENTER",
            "Lot_ID": "FF3",
            "Type": "Staff",
            "Latitude": -26.192273505020285,
            "Longitude": 28.028190337874754,
            "Capacity": 130,
            "Location": "West Campus"
        },
        {
            "Name": "SIBANYE BRIDGE",
            "Lot_ID": "FF4",
            "Type": "Staff",
            "Latitude": -26.19058859355427,
            "Longitude": 28.027664711573053,
            "Capacity": 130,
            "Location": "East Campus"
        },
        {
            "Name": "THE POST GRAD CLUB",
            "Lot_ID": "ST8",
            "Type": "Student",
            "Latitude": -26.192379696738953,
            "Longitude": 28.028938742721135,
            "Capacity": 30,
            "Location": "West Campus"
        },
        {
            "Name": "WITS MSB PARKING",
            "Lot_ID": "FF5",
            "Type": "Staff",
            "Latitude": -26.190306801982388,
            "Longitude": 28.027166699698817,
            "Capacity": 50,
            "Location": "East Campus"
        },
        {
            "Name": "WOLFRAM BUILDING",
            "Lot_ID": "FF6",
            "Type": "Staff",
            "Latitude": -26.192357,
            "Longitude": 28.0290822,
            "Capacity": 55,
            "Location": "West Campus"
        },
        {
            "Name": "BARNATO PARKING",
            "Lot_ID": "ST9",
            "Type": "Student",
            "Latitude": -26.18654605500696,
            "Longitude": 28.02497764054957,
            "Capacity": 20,
            "Location": "East Campus"
        },
        {
            "Name": "DIGS FIELD",
            "Lot_ID": "ST10",
            "Type": "Student",
            "Latitude": -26.186583836916046,
            "Longitude": 28.02420054781208,
            "Capacity": 30,
            "Location": "West Campus"
        },
        {
            "Name": "WC VILLAGE 1",
            "Lot_ID": "ST11",
            "Type": "Student",
            "Latitude": -26.187137555865302,
            "Longitude": 28.023413986933896,
            "Capacity": 10,
            "Location": "West Campus"
        },{
            "Name": "WC VILLAGE 2",
            "Lot_ID": "ST12",
            "Type": "Student",
            "Latitude": -26.187246864991526,
            "Longitude": 28.02323023616576,
            "Capacity": 16,
            "Location": "West Campus"
        },{
            "Name": "WC VILLAGE 3",
            "Lot_ID": "ST13",
            "Type": "Student",
            "Latitude": -26.187419165609377,
            "Longitude":  28.023226106935017,
            "Capacity": 30,
            "Location": "West Campus"
        },
        {
            "Name": "DJ DU PLESSIS",
            "Lot_ID": "FF7",
            "Type": "Staff",
            "Latitude": -26.188731002407955,
            "Longitude":  28.023637328085268,
            "Capacity": 20,
            "Location": "West Campus"
        },
        {
            "Name": "COMMERCE PARKINGS",
            "Lot_ID": "FF8",
            "Type": "Staff",
            "Latitude": -26.18974622170574,
            "Longitude":  28.025426079094437,
            "Capacity": 60,
            "Location": "West Campus"
        },
        {
            "Name": "SCIENCE STADIUM",
            "Lot_ID": "FF9",
            "Type": "Staff",
            "Latitude": -26.19000824144674,
            "Longitude":  28.025309861283173,
            "Capacity": 40,
            "Location": "West Campus"
        },
        {
            "Name": "BIDVEST STADIUM",
            "Lot_ID": "ST14",
            "Type": "Student",
            "Latitude": -26.19332947523354,
            "Longitude":  28.022724655295757,
            "Capacity": 50,
            "Location": "West Campus"
        },

        {
            "Name": "PLANETERIUM PARKINGS",
            "Lot_ID": "ST15",
            "Type": "Student",
            "Latitude": -26.189030295437124,
            "Longitude": 28.028502296093947,
            "Capacity": 80,
            "Location": "East Campus"
        },
        {
            "Name": "SPORT FIELD",
            "Lot_ID": "ST16",
            "Type": "Student",
            "Latitude": -26.18848791353764,
            "Longitude":  28.030296736490957,
            "Capacity": 80,
            "Location": "East Campus"
        },
        {
            "Name": "BIOLOGY BUILDING",
            "Lot_ID": "FF10",
            "Type": "Staff",
            "Latitude": -26.190719824428314,
            "Longitude":  28.031297383711042,
            "Capacity": 80,
            "Location": "East Campus"
        },
        {
            "Name": "SUNNYSIDE PARKINGS",
            "Lot_ID": "FF11",
            "Type": "Staff",
            "Latitude": -26.190036605210857,
            "Longitude":   28.031494004097087,
            "Capacity": 20,
            "Location": "East Campus"
        },
        {
            "Name": "WITS THEATER",
            "Lot_ID": "FF12",
            "Type": "Staff",
            "Latitude": -26.192333895045596,
            "Longitude":  28.031334511687863,
            "Capacity": 20,
            "Location": "East Campus"
        },
        {
            "Name": "RESEVERED LABS",
            "Lot_ID": "FF13",
            "Type": "Staff",
            "Latitude": -26.192082257646135,
            "Longitude": 28.029419288883087,
            "Capacity": 30,
            "Location": "East Campus"
        }
    ]
}
